ID,Created,Updated,Last used,Description,Green,Blue,Red,Yellow,Brown,Black,Front,Back
C001,21.6.2026,28.6.2026,,,1,1,1,6,4,4,,
C002,21.6.2026,28.6.2026,,,1,1,2,3,3,6,,
C003,21.6.2026,28.6.2026,,,1,1,3,6,5,1,,
C004,21.6.2026,28.6.2026,,,1,1,4,6,5,4,,
C005,21.6.2026,28.6.2026,,,1,1,5,6,3,1,,
C006,21.6.2026,28.6.2026,,,1,1,6,6,3,4,,
C007,21.6.2026,28.6.2026,,,1,2,1,6,4,3,,
C008,21.6.2026,28.6.2026,,,1,2,2,3,3,3,,
C009,21.6.2026,28.6.2026,,,1,2,3,3,3,5,,
C010,21.6.2026,28.6.2026,,,1,2,4,3,1,3,,
C011,21.6.2026,28.6.2026,,,1,2,5,3,3,2,,
C012,21.6.2026,28.6.2026,,,1,2,6,6,2,5,,
C013,21.6.2026,28.6.2026,,,1,3,1,3,3,4,,
C014,21.6.2026,28.6.2026,,,1,3,2,6,2,6,,
C015,21.6.2026,28.6.2026,,,1,3,3,6,3,2,,
C016,21.6.2026,28.6.2026,,,1,3,4,6,3,5,,
C017,21.6.2026,28.6.2026,,,1,3,5,6,4,2,,
C018,21.6.2026,28.6.2026,,Ox,1,3,6,6,4,6,,
C019,21.6.2026,28.6.2026,,,1,4,1,6,5,2,,
C020,21.6.2026,28.6.2026,,,1,4,2,6,5,5,,
C021,21.6.2026,28.6.2026,,,1,4,3,4,1,4,,
C022,21.6.2026,28.6.2026,,,1,4,4,6,6,2,,
C023,21.6.2026,26.6.2026,,,1,4,5,2,4,6,,Almost done. Receipt-back
C024,21.6.2026,28.6.2026,,,1,4,6,6,6,5,,
C025,21.6.2026,28.6.2026,,Mahadi,1,5,1,5,2,4,,
C026,21.6.2026,28.6.2026,,,1,5,2,3,1,4,,
C027,21.6.2026,28.6.2026,,,1,5,3,5,2,6,,
C028,21.6.2026,28.6.2026,,,1,5,4,4,6,3,,
C029,21.6.2026,28.6.2026,,,1,5,5,4,1,2,,
C030,21.6.2026,28.6.2026,,,1,5,6,3,5,2,,
C031,21.6.2026,15.8.2026,15.8.2026,"Orange sunset, hexagons, and hawk",1,6,1,4,6,2,"Orange back, stains, hexagons.",
C032,21.6.2026,28.6.2026,,,1,6,2,5,1,4,,
C033,21.6.2026,28.6.2026,,Barcode,1,6,3,6,6,1,,
C034,21.6.2026,28.6.2026,,,1,6,4,3,2,6,,
C035,21.6.2026,28.6.2026,,,1,6,5,6,1,2,,
C036,21.6.2026,28.6.2026,,,1,6,6,6,1,4,,
C037,21.6.2026,28.6.2026,,,2,1,1,6,1,5,,
C038,21.6.2026,28.6.2026,,,2,1,2,6,1,6,,
C039,21.6.2026,28.6.2026,,,2,1,3,6,2,2,,
C040,21.6.2026,28.6.2026,,Leaf and pokeball,2,1,4,3,2,5,,
C041,21.6.2026,28.6.2026,,,2,1,5,1,6,3,,
C042,21.6.2026,28.6.2026,,,2,1,6,5,3,1,,
C043,21.6.2026,28.6.2026,,,2,2,1,6,6,3,,
C044,21.6.2026,28.6.2026,,,2,2,2,5,3,2,,
C045,21.6.2026,28.6.2026,,,2,2,3,5,2,5,,
C046,21.6.2026,28.6.2026,,,2,2,4,1,1,1,,
C047,21.6.2026,28.6.2026,,,2,2,5,5,2,3,,
C048,21.6.2026,28.6.2026,,,2,2,6,1,1,3,,
C049,21.6.2026,28.6.2026,,,2,3,1,1,1,5,,
C050,21.6.2026,26.6.2026,,,2,3,2,3,4,2,,Art sketch
C051,21.6.2026,28.6.2026,,,2,3,3,1,1,6,,
C052,21.6.2026,28.6.2026,,,2,3,4,4,1,1,,
C053,21.6.2026,28.6.2026,,,2,3,5,3,5,1,,
C054,21.6.2026,28.6.2026,,,2,3,6,1,2,2,,
C055,21.6.2026,28.6.2026,,,2,4,1,1,2,4,,
C056,21.6.2026,28.6.2026,,Boy with hat,2,4,2,5,1,1,,
C057,21.6.2026,28.6.2026,,,2,4,3,5,1,3,,
C058,21.6.2026,28.6.2026,,,2,4,4,6,1,3,,
C059,21.6.2026,28.6.2026,,,2,4,5,1,2,5,,
C060,21.6.2026,28.6.2026,,Back Groagunk,2,4,6,1,3,1,,
C061,21.6.2026,28.6.2026,,,2,5,1,1,3,3,,
C062,21.6.2026,28.6.2026,,,2,5,2,1,3,5,,
C063,21.6.2026,28.6.2026,,,2,5,3,1,4,5,,
C064,21.6.2026,28.6.2026,,,2,5,4,4,6,5,,
C065,21.6.2026,28.6.2026,,,2,5,5,1,4,4,,
C066,21.6.2026,28.6.2026,,,2,5,6,1,6,5,,
C067,21.6.2026,28.6.2026,,,2,6,1,6,2,1,,
C068,21.6.2026,28.6.2026,,,2,6,2,2,1,2,,
C069,21.6.2026,28.6.2026,,,2,6,3,2,1,3,,
C070,21.6.2026,28.6.2026,,,2,6,4,2,1,4,,
C071,21.6.2026,28.6.2026,,,2,6,5,5,1,6,,
C072,21.6.2026,28.6.2026,,,2,6,6,3,2,4,,
C073,21.6.2026,28.6.2026,,,3,1,1,3,1,6,,
C074,21.6.2026,13.7.2026,,,3,1,2,6,2,4,Moonscape,
C075,21.6.2026,28.6.2026,,,3,1,3,5,3,3,,
C076,21.6.2026,28.6.2026,,,3,1,4,1,2,3,,
C077,21.6.2026,28.6.2026,,,3,1,5,1,4,1,,
C078,21.6.2026,28.6.2026,,,3,1,6,2,4,1,,
C079,21.6.2026,28.6.2026,,,3,2,1,6,3,6,,
C080,21.6.2026,28.6.2026,,,3,2,2,1,1,2,,
C081,21.6.2026,28.6.2026,,,3,2,3,1,2,1,,
C082,21.6.2026,28.6.2026,,,3,2,4,3,4,6,,
C083,21.6.2026,28.6.2026,,,3,2,5,6,2,3,,
C084,21.6.2026,28.6.2026,18.8.2026,,3,2,6,1,2,6,,
C085,21.6.2026,28.6.2026,,,3,3,1,6,4,5,,
C086,21.6.2026,28.6.2026,,,3,3,2,2,4,2,,
C087,21.6.2026,28.6.2026,,,3,3,3,1,3,2,,
C088,21.6.2026,28.6.2026,,,3,3,4,2,4,3,,
C089,21.6.2026,28.6.2026,,,3,3,5,3,6,4,,
C090,21.6.2026,28.6.2026,,Soldier ant,3,3,6,1,1,4,,
C091,21.6.2026,28.6.2026,,,3,4,1,4,2,2,,
C092,21.6.2026,28.6.2026,,,3,4,2,1,3,4,,
C093,21.6.2026,28.6.2026,,,3,4,3,1,4,3,,
C094,21.6.2026,28.6.2026,,,3,4,4,5,2,1,,
C095,21.6.2026,28.6.2026,,,3,4,5,6,5,3,,
C096,21.6.2026,28.6.2026,,,3,4,6,4,3,2,,
C097,21.6.2026,28.6.2026,,,3,5,1,1,6,4,,
C098,21.6.2026,28.6.2026,,,3,5,2,2,1,1,,
C099,21.6.2026,28.6.2026,,,3,5,3,1,3,6,,
C100,21.6.2026,28.6.2026,,,3,5,4,2,5,1,,
C101,21.6.2026,28.6.2026,,,3,5,5,2,4,4,,
C102,21.6.2026,28.6.2026,,,3,5,6,2,5,2,,
C103,21.6.2026,28.6.2026,,,3,6,1,6,6,6,,
C104,21.6.2026,28.6.2026,,,3,6,2,2,5,4,,
C105,21.6.2026,28.6.2026,,,3,6,3,3,1,5,,
C106,21.6.2026,28.6.2026,,,3,6,4,2,5,6,,
C107,21.6.2026,28.6.2026,,,3,6,5,3,2,2,,
C108,21.6.2026,18.8.2026,18.8.2026,Old paper scroll and hex markings,3,6,6,6,4,1,,Old paper and black hexagons
C109,21.6.2026,28.6.2026,,,4,1,1,3,2,3,,
C110,21.6.2026,28.6.2026,,Lion,4,1,2,2,6,1,,
C111,21.6.2026,28.6.2026,,,4,1,3,2,6,2,,
C112,21.6.2026,28.6.2026,,,4,1,4,2,4,5,,
C113,21.6.2026,28.6.2026,15.8.2026,Part of T005's forest,4,1,5,3,6,4,,A full blown forest
C114,21.6.2026,28.6.2026,,,4,1,6,3,6,5,,
C115,21.6.2026,28.6.2026,,,4,2,1,6,3,3,,
C116,21.6.2026,26.6.2026,,,4,2,2,2,3,2,Pastel color Bride,
C117,21.6.2026,28.6.2026,,,4,2,3,5,5,4,,
C118,21.6.2026,28.6.2026,,,4,2,4,5,6,2,,
C119,21.6.2026,28.6.2026,,,4,2,5,2,5,5,,
C120,21.6.2026,28.6.2026,,,4,2,6,3,1,2,,
C121,21.6.2026,28.6.2026,,,4,3,1,5,5,3,,
C122,21.6.2026,28.6.2026,,,4,3,2,6,1,1,,
C123,21.6.2026,28.6.2026,,,4,3,3,5,3,6,,
C124,21.6.2026,28.6.2026,,,4,3,4,5,4,4,,
C125,21.6.2026,28.6.2026,,,4,3,5,2,6,5,,
C126,21.6.2026,28.6.2026,,,4,3,6,5,6,5,,
C127,21.6.2026,30.6.2026,,,4,4,1,5,6,6,,Bass buitar and stars
C128,21.6.2026,28.6.2026,,,4,4,2,3,5,3,,
C129,21.6.2026,28.6.2026,16.8.2026,Mephistomon,4,4,3,3,5,6,,
C130,21.6.2026,28.6.2026,,,4,4,4,3,4,1,,
C131,21.6.2026,28.6.2026,,,4,4,5,5,6,1,,
C132,21.6.2026,28.6.2026,,,4,4,6,3,6,2,,
C133,21.6.2026,28.6.2026,,,4,5,1,2,1,5,,
C134,21.6.2026,28.6.2026,,,4,5,2,2,2,1,,
C135,21.6.2026,28.6.2026,,,4,5,3,5,2,2,,
C136,21.6.2026,28.6.2026,,,4,5,4,4,3,5,,
C137,21.6.2026,28.6.2026,,,4,5,5,3,6,1,,
C138,21.6.2026,28.6.2026,,,4,5,6,4,4,2,,
C139,21.6.2026,28.6.2026,,,4,6,1,4,4,4,,
C140,21.6.2026,28.6.2026,,,4,6,2,4,5,1,,
C141,21.6.2026,28.6.2026,,,4,6,3,4,2,3,,
C142,21.6.2026,28.6.2026,,,4,6,4,3,6,6,,
C143,21.6.2026,28.6.2026,,,4,6,5,4,2,5,,
C144,21.6.2026,28.6.2026,,,4,6,6,3,4,4,,
C145,21.6.2026,28.6.2026,,,5,1,1,4,3,1,,
C146,21.6.2026,28.6.2026,,,5,1,2,5,3,4,,
C147,21.6.2026,28.6.2026,,,5,1,3,4,1,6,,
C148,21.6.2026,28.6.2026,,,5,1,4,1,4,6,,
C149,21.6.2026,28.6.2026,,,5,1,5,1,5,1,,
C150,21.6.2026,28.6.2026,,,5,1,6,1,5,4,,
C151,21.6.2026,28.6.2026,,,5,2,1,1,6,1,,
C152,21.6.2026,1.7.2026,,,5,2,2,4,5,3,,Partly covered with marble
C153,21.6.2026,28.6.2026,,,5,2,3,1,6,2,,
C154,21.6.2026,28.6.2026,,,5,2,4,2,2,3,,
C155,21.6.2026,28.6.2026,,,5,2,5,5,4,5,,
C156,21.6.2026,28.6.2026,,,5,2,6,5,5,1,,
C157,21.6.2026,28.6.2026,,,5,3,1,5,5,2,,
C158,21.6.2026,28.6.2026,,,5,3,2,2,1,6,,
C159,21.6.2026,28.6.2026,,,5,3,3,2,2,2,,
C160,21.6.2026,28.6.2026,,,5,3,4,4,3,6,,
C161,21.6.2026,28.6.2026,,,5,3,5,4,6,1,,
C162,21.6.2026,28.6.2026,,,5,3,6,3,1,1,,
C163,21.6.2026,28.6.2026,,,5,4,1,4,4,5,,
C164,21.6.2026,28.6.2026,,,5,4,2,2,2,6,,
C165,21.6.2026,28.6.2026,,,5,4,3,2,3,1,,
C166,21.6.2026,28.6.2026,,,5,4,4,3,4,5,,
C167,21.6.2026,28.6.2026,,,5,4,5,5,4,3,,
C168,21.6.2026,28.6.2026,,,5,4,6,4,5,2,,
C169,21.6.2026,28.6.2026,,,5,5,1,2,3,4,,
C170,21.6.2026,28.6.2026,15.8.2026,Knight,5,5,2,5,4,1,,
C171,21.6.2026,28.6.2026,,Robot ghost,5,5,3,5,4,2,,
C172,21.6.2026,28.6.2026,,,5,5,4,5,1,5,,
C173,21.6.2026,28.6.2026,,,5,5,5,4,5,5,,
C174,21.6.2026,28.6.2026,15.8.2026,Stone giant,5,5,6,4,4,6,,
C175,21.6.2026,28.6.2026,,,5,6,1,6,6,4,,
C176,21.6.2026,28.6.2026,,,5,6,2,5,3,5,,
C177,21.6.2026,28.6.2026,,,5,6,3,4,1,3,,
C178,21.6.2026,28.6.2026,,,5,6,4,4,2,4,,
C179,21.6.2026,28.6.2026,,,5,6,5,6,5,6,,
C180,21.6.2026,28.6.2026,,,5,6,6,3,2,1,,
C181,21.6.2026,28.6.2026,,,6,1,1,4,6,4,,
C182,21.6.2026,29.6.2026,,"Unfinished, intentional uglyness",6,1,2,5,1,2,"Clockface, water colors",
C183,21.6.2026,28.6.2026,,,6,1,3,2,3,5,,
C184,21.6.2026,28.6.2026,,,6,1,4,1,4,2,,
C185,21.6.2026,28.6.2026,,,6,1,5,4,2,6,,
C186,21.6.2026,28.6.2026,,,6,1,6,1,6,6,,
C187,21.6.2026,28.6.2026,,,6,2,1,4,4,3,,
C188,21.6.2026,28.6.2026,,,6,2,2,2,5,3,,
C189,21.6.2026,28.6.2026,,,6,2,3,4,3,4,,
C190,21.6.2026,28.6.2026,,,6,2,4,5,5,6,,
C191,21.6.2026,28.6.2026,,,6,2,5,4,1,5,,
C192,21.6.2026,28.6.2026,,,6,2,6,2,6,3,,
C193,21.6.2026,28.6.2026,,,6,3,1,1,5,3,,
C194,21.6.2026,28.6.2026,,,6,3,2,3,5,5,,
C195,21.6.2026,28.6.2026,,,6,3,3,4,3,3,,
C196,21.6.2026,1.7.2026,,"""Powerstone""",6,3,4,2,6,4,,
C197,21.6.2026,28.6.2026,,"""Skeleton""",6,3,5,5,4,6,,
C198,21.6.2026,28.6.2026,,,6,3,6,4,4,1,,
C199,21.6.2026,28.6.2026,,,6,4,1,4,2,1,,
C200,21.6.2026,28.6.2026,,,6,4,2,5,5,5,,
C201,21.6.2026,28.6.2026,,,6,4,3,2,3,6,,
C202,21.6.2026,28.6.2026,,,6,4,4,5,6,4,,
C203,21.6.2026,28.6.2026,,,6,4,5,3,3,1,,
C204,21.6.2026,28.6.2026,,,6,4,6,1,5,6,,
C205,21.6.2026,28.6.2026,,,6,5,1,3,5,4,,
C206,21.6.2026,28.6.2026,,,6,5,2,4,5,4,,
C207,21.6.2026,28.6.2026,,,6,5,3,3,6,3,,
C208,21.6.2026,28.6.2026,,,6,5,4,5,6,3,,
C209,21.6.2026,28.6.2026,,,6,5,5,3,4,3,,
C210,21.6.2026,28.6.2026,,,6,5,6,4,5,6,,
C211,21.6.2026,28.6.2026,,,6,6,1,2,2,4,,
C212,21.6.2026,28.6.2026,,Robot soldier,6,6,2,2,3,3,,
C213,21.6.2026,28.6.2026,,,6,6,3,2,2,5,,
C214,21.6.2026,28.6.2026,,,6,6,4,1,5,2,,
C215,21.6.2026,28.6.2026,,,6,6,5,1,5,5,,
C216,21.6.2026,28.6.2026,,,6,6,6,2,6,6,,
C217,6.7.2026,,,"Yellow energy, messy",6,1,4,4,3,3,,